TeacherName,PhoneNumber,PhoneRaw,HasPhoneConflict,SchoolName,EMISCode,District,Gender,Cohort,SchoolEnrolledTeachers,HeadTeacherName,HeadTeacherContact,Notes
Habib Rehman,923108005390,03108005390,,GBHS Zhob Militia,4604,Zhob,Boys,Zhob Male,46,Lal Jan,923359599980,
M Sabir,923108579252,03108579252,,GBHS Zhob Militia,4604,Zhob,Boys,Zhob Male,46,Lal Jan,923359599980,
Kaleemullah,923008914147,03008914147,,GBHS Zhob Militia,4604,Zhob,Boys,Zhob Male,46,Lal Jan,923359599980,
M Shafeeq,923138415053,03138415053,,GBHS Zhob Militia,4604,Zhob,Boys,Zhob Male,46,Lal Jan,923359599980,
Rafique Shah,923158987509,03158987509,,GBHS Zhob Militia,4604,Zhob,Boys,Zhob Male,46,Lal Jan,923359599980,
Nasir Khan,923158018194,03158018194,,GBHS Zhob Militia,4604,Zhob,Boys,Zhob Male,46,Lal Jan,923359599980,
M Haneef,923138943325,03138943325,,GBHS Zhob Militia,4604,Zhob,Boys,Zhob Male,46,Lal Jan,923359599980,
Abdullah Jan,923128283626,03128283626,,GBHS Zhob Militia,4604,Zhob,Boys,Zhob Male,46,Lal Jan,923359599980,
Alloudin,923110083185,03110083185,,GBHS Zhob Militia,4604,Zhob,Boys,Zhob Male,46,Lal Jan,923359599980,
Shah Jahan,923327237790,03327237790,,GBHS Zhob Militia,4604,Zhob,Boys,Zhob Male,46,Lal Jan,923359599980,
Gulzar,923110562437,03110562437,,GBHS Zhob Militia,4604,Zhob,Boys,Zhob Male,46,Lal Jan,923359599980,
Salim Nawaz,923138390105,03138390105,,GBHS Wadh Sheikhan,4605,Zhob,Boys,Zhob Male,31,Abdul Rehman,923108913377,
Tehmoor,923138408872,03138408872,,GBHS Wadh Sheikhan,4605,Zhob,Boys,Zhob Male,31,Abdul Rehman,923108913377,
Baran Khan,923118341235,03118341235,,GBHS Wadh Sheikhan,4605,Zhob,Boys,Zhob Male,31,Abdul Rehman,923108913377,
Asmatullah,923136744797,03136744797,,GBHS Wadh Sheikhan,4605,Zhob,Boys,Zhob Male,31,Abdul Rehman,923108913377,
Sharab Khan,923137420072,03137420072,,GBHS Wadh Sheikhan,4605,Zhob,Boys,Zhob Male,31,Abdul Rehman,923108913377,
Abdul Salam,923118033023,03118033023,,GBHS Wadh Sheikhan,4605,Zhob,Boys,Zhob Male,31,Abdul Rehman,923108913377,
Akber Khan,923463597071,03463597071,,GBHS Wadh Sheikhan,4605,Zhob,Boys,Zhob Male,31,Abdul Rehman,923108913377,
Akram,923238366358,03238366358,,GBHS New Town,4607,Zhob,Boys,Zhob Male,43,Muhammad Usman,923108870028,
Ayoob,923110805059,03110805059,,GBHS New Town,4607,Zhob,Boys,Zhob Male,43,Muhammad Usman,923108870028,
Nazar Jan,923134022283,03134022283,,GBHS New Town,4607,Zhob,Boys,Zhob Male,43,Muhammad Usman,923108870028,
Fazal Rehman,923418311177,03418311177,,GBHS New Town,4607,Zhob,Boys,Zhob Male,43,Muhammad Usman,923108870028,
Imran,923327815120,03327815120,,GBHS New Town,4607,Zhob,Boys,Zhob Male,43,Muhammad Usman,923108870028,
Riaz,923328003838,03328003838,,GBHS New Town,4607,Zhob,Boys,Zhob Male,43,Muhammad Usman,923108870028,
Hasham,923138943645,03138943645,,GBHS New Town,4607,Zhob,Boys,Zhob Male,43,Muhammad Usman,923108870028,
Inayat Ullah,923158464867,03158464867,,GBHS Zhob No 1,4696,Zhob,Boys,Zhob Male,26,Haider Jamal,923337784471,
Abdul Rahem,923129393293,03129393293,,GBHS Zhob No 1,4696,Zhob,Boys,Zhob Male,26,Haider Jamal,923337784471,
Ravi Nazeer,923110082400,03110082400,,GBHS Zhob No 1,4696,Zhob,Boys,Zhob Male,26,Haider Jamal,923337784471,
Abdul Nasir,923023846564,03023846564,,GBHS Zhob No 1,4696,Zhob,Boys,Zhob Male,26,Haider Jamal,923337784471,
Abdullah,923158127772,03158127772,,GBHS Zhob No 1,4696,Zhob,Boys,Zhob Male,26,Haider Jamal,923337784471,
Zeshan Adil,923421773558,03421773558,,GBHS Zhob No 1,4696,Zhob,Boys,Zhob Male,26,Haider Jamal,923337784471,
Hayatullah,923151807413,03151807413,,GBHS Zhob No 1,4696,Zhob,Boys,Zhob Male,26,Haider Jamal,923337784471,
Abdul Karim,923138364273,03138364273,,GBHS Zhob No 1,4696,Zhob,Boys,Zhob Male,26,Haider Jamal,923337784471,
Saira,923128187562,03128187562,,GGHS Zhob Malitia,9250,Zhob,Girls,Zhob Female,19,Asia Bibi,923105141291,
Zainab,923412476330,03412476330,,GGHS Zhob Malitia,9250,Zhob,Girls,Zhob Female,19,Asia Bibi,923105141291,Corrected 31 Jul - source sheet had 03108005651
Jamila,923168563794,03168563794,,GGHS Zhob Malitia,9250,Zhob,Girls,Zhob Female,19,Asia Bibi,923105141291,
Grano,923127580060,03127580060,,GGHS Zhob Malitia,9250,Zhob,Girls,Zhob Female,19,Asia Bibi,923105141291,
Hina,923158106517,03158106517,,GGHS Zhob Malitia,9250,Zhob,Girls,Zhob Female,19,Asia Bibi,923105141291,
Nighat Shaeen,923159623391,03159623391,,GGHS Zhob Malitia,9250,Zhob,Girls,Zhob Female,19,Asia Bibi,923105141291,
Safia Jafar,923418187129,03418187129,,GGHS Zhob Malitia,9250,Zhob,Girls,Zhob Female,19,Asia Bibi,923105141291,
Ambreen,923118775502,03118775502,,GGHS Kharotabad,8904,Zhob,Girls,,,,,
Ahisha,923138378798,03138378798,,GGHS Kharotabad,8904,Zhob,Girls,,,,,
Nargis,923188410894,03188410894,,GGHS Kharotabad,8904,Zhob,Girls,,,,,
Ishrat,923160201702,03160201702,,GGHS Kharotabad,8904,Zhob,Girls,,,,,
Shah Bibi,923108303781,03108303781,,GGHS Kharotabad,8904,Zhob,Girls,,,,,
Khlida,923188262703,03188262703,,GGHS Sheikh Town Ganj Muhallah,10552,Zhob,Girls,Zhob Female,18,Marjana,923138160625,
Sana,923131728567,03131728567,,GGHS Sheikh Town Ganj Muhallah,10552,Zhob,Girls,Zhob Female,18,Marjana,923138160625,
Brashna,923127005995,03127005995,,GGHS Sheikh Town Ganj Muhallah,10552,Zhob,Girls,Zhob Female,18,Marjana,923138160625,
Noorjahan,923128057785,03128057785,,GGHS Sheikh Town Ganj Muhallah,10552,Zhob,Girls,Zhob Female,18,Marjana,923138160625,
Amina Bibi,923143001848,03143001848,,GGHS Sheikh Town Ganj Muhallah,10552,Zhob,Girls,Zhob Female,18,Marjana,923138160625,
Shazia,923168251584,03168251584,,GGHS Sheikh Town Ganj Muhallah,10552,Zhob,Girls,Zhob Female,18,Marjana,923138160625,
Shenaz,923128027927,03128027927,,GGHS Sheikh Town Ganj Muhallah,10552,Zhob,Girls,Zhob Female,18,Marjana,923138160625,
Shamim,923402442092,03402442092,,GGHS Sheikh Town Ganj Muhallah,10552,Zhob,Girls,Zhob Female,18,Marjana,923138160625,
Aisha,923412595265,03412595265,,GGHS Sheikh Town Ganj Muhallah,10552,Zhob,Girls,Zhob Female,18,Marjana,923138160625,
Amina Khangul,923361363252,03361363252,,GGHS Sheikh Town Ganj Muhallah,10552,Zhob,Girls,Zhob Female,18,Marjana,923138160625,
Shukria,923138018379,03138018379,,GGHS Nasrabad,9489,Zhob,Girls,Zhob Female,40,Naik Bibi,923168108439,
Shafia,923188946964,03188946964,,GGHS Nasrabad,9489,Zhob,Girls,Zhob Female,40,Naik Bibi,923168108439,
Kalsoom,923138338253,03138338253,,GGHS Nasrabad,9489,Zhob,Girls,Zhob Female,40,Naik Bibi,923168108439,
Zermina,923328202922,03328202922,,GGHS Nasrabad,9489,Zhob,Girls,Zhob Female,40,Naik Bibi,923168108439,
Saima,923120012350,03120012350,,GGHS Nasrabad,9489,Zhob,Girls,Zhob Female,40,Naik Bibi,923168108439,
Hameeda,923178008652,03178008652,,GGHS Nasrabad,9489,Zhob,Girls,Zhob Female,40,Naik Bibi,923168108439,
Rukhsana,923708220941,03708220941,,GGHS Nasrabad,9489,Zhob,Girls,Zhob Female,40,Naik Bibi,923168108439,
Sajida,923138949049,03138949049,,GGHS Nasrabad,9489,Zhob,Girls,Zhob Female,40,Naik Bibi,923168108439,
Shahida Karam,923327929970,03327929970,,GGHS Postal Colony,3345,Quetta,Girls,Quetta Female,,Irum Shamim,923458153578,
Farida Noor,923352611352,03352611352,,GGHS Postal Colony,3345,Quetta,Girls,Quetta Female,,Irum Shamim,923458153578,
Nazia Rasheed,923138384319,03138384319,,GGHS Postal Colony,3345,Quetta,Girls,Quetta Female,,Irum Shamim,923458153578,
Safina Baloch,923344463780,03344463780,,GGHS Postal Colony,3345,Quetta,Girls,Quetta Female,,Irum Shamim,923458153578,
Rubina Roshan,923462837144,03462837144,,GGHS Postal Colony,3345,Quetta,Girls,Quetta Female,,Irum Shamim,923458153578,
Sajada Mengal,923401251196,03401251196,,GGHS Postal Colony,3345,Quetta,Girls,Quetta Female,,Irum Shamim,923458153578,
Zarina Mengal,923083990113,03083990113,,GGHS Postal Colony,3345,Quetta,Girls,Quetta Female,,Irum Shamim,923458153578,
Rozina Naz,923337724471,03337724471,,GGHS Postal Colony,3345,Quetta,Girls,Quetta Female,,Irum Shamim,923458153578,
Shamsa Ibrahim,923315760892,03315760892,,GGHS Postal Colony,3345,Quetta,Girls,Quetta Female,,Irum Shamim,923458153578,
Hina Qureshi,923368020655,03368020655,,GGHS Postal Colony,3345,Quetta,Girls,Quetta Female,,Irum Shamim,923458153578,
Fouzia Shaheen,923458394491,03458394491,,GGHS PAF,3355,Quetta,Girls,Quetta Female,,Humera,923048110774,
Safia Shahbir,923342452635,03342452635,,GGHS PAF,3355,Quetta,Girls,Quetta Female,,Humera,923048110774,
Samina Bashir,923402601241,03402601241,,GGHS PAF,3355,Quetta,Girls,Quetta Female,,Humera,923048110774,
Riffat Huma,923318136464,03318136464,,GGHS PAF,3355,Quetta,Girls,Quetta Female,,Humera,923048110774,
Safia Gul,923323607044,03323607044,,GGHS PAF,3355,Quetta,Girls,Quetta Female,,Humera,923048110774,
Nargis,923168275591,03168275591,,GGHS Mission Road,3430,Quetta,Girls,Quetta Female,,Salma Akhter,923337885441,Source sheet number was #ERROR!; corrected & resent 29 Jul
Asma,923472335097,03472335097,,GGHS Mission Road,3430,Quetta,Girls,Quetta Female,,Salma Akhter,923337885441,Source sheet number was #ERROR!; corrected & resent 29 Jul
Sajida,923368045326,03368045326,,GGHS Mission Road,3430,Quetta,Girls,Quetta Female,,Salma Akhter,923337885441,Source sheet number was #ERROR!; corrected 31 Jul (one digit-too-many version rejected first)
Shahzadi,923128188894,03128188894,,GGHS Mission Road,3430,Quetta,Girls,Quetta Female,,Salma Akhter,923337885441,Source sheet number was #ERROR!; corrected & resent 29 Jul (per bal_teacher_status_2026-07-30.csv)
Yasmeen,923343702568,03343702568,,GGHS Mission Road,3430,Quetta,Girls,Quetta Female,,Salma Akhter,923337885441,"Source sheet number was #ERROR!; corrected & resent 29 Jul (per bal_teacher_status_2026-07-30.csv). NOTE: this file lists the identical number for Nighat Yasmeen below - almost certainly a copy-paste duplication in that snapshot, not a shared number. Worth confirming with DEO/Abdullah before relying on either digit-for-digit."
Husanara,923158837549,03158837549,,GGHS Mission Road,3430,Quetta,Girls,Quetta Female,,Salma Akhter,923337885441,Source sheet number was #ERROR!; corrected & resent 29 Jul (per bal_teacher_status_2026-07-30.csv)
Nighat Yasmeen,923313833868,03313833868,,GGHS Mission Road,3430,Quetta,Girls,Quetta Female,,Salma Akhter,923337885441,"Source sheet number was #ERROR!; corrected & resent 29 Jul. NOTE: the bal_teacher_status_2026-07-30.csv snapshot instead shows 03343702568 (identical to Yasmeen's row, above) - used the individually-confirmed number here instead since the snapshot value looks like a duplication bug"
Amber,923363146587,03363146587,,GGHS Mission Road,3430,Quetta,Girls,Quetta Female,,Salma Akhter,923337885441,Source sheet number was #ERROR!; corrected & resent 29 Jul; confirmed activated
Zia Ud Din,923458336602,03458336602,,GBMS Killi Malak Umer Khan,5063,Quetta,Boys,Quetta Male,,Zia Khan Kasi,923468336602,
Abdul Waris,923218147178,03218147178,,GBMS Killi Malak Umer Khan,5063,Quetta,Boys,Quetta Male,,Zia Khan Kasi,923468336602,
Nisar Ahmed,923003549671,03003549671,,GBMS Killi Malak Umer Khan,5063,Quetta,Boys,Quetta Male,,Zia Khan Kasi,923468336602,
Gul Zaman,923355632082,03355632082,,GBMS Killi Malak Umer Khan,5063,Quetta,Boys,Quetta Male,,Zia Khan Kasi,923468336602,
Abdul Rehman,923458337421,03458337421,,GBMS Killi Malak Umer Khan,5063,Quetta,Boys,Quetta Male,,Zia Khan Kasi,923468336602,
Shaista Khan,923174110951,03174110951,,GBMS Killi Malak Umer Khan,5063,Quetta,Boys,Quetta Male,,Zia Khan Kasi,923468336602,
Muhammad Irfan,923458354318,03458354318,,GBMS Killi Malak Umer Khan,5063,Quetta,Boys,Quetta Male,,Zia Khan Kasi,923468336602,
Dawood Khan,923334986071,03334986071,,GBMS Killi Malak Umer Khan,5063,Quetta,Boys,Quetta Male,,Zia Khan Kasi,923468336602,
Umer Waheed,923423211003,03423211003,,GBMS Killi Malak Umer Khan,5063,Quetta,Boys,Quetta Male,,Zia Khan Kasi,923468336602,
Allah Nawaz,923176846079,03176846079,,GBMS Killi Malak Umer Khan,5063,Quetta,Boys,Quetta Male,,Zia Khan Kasi,923468336602,
Nasira Sultan,,UNCONFIRMED,,GGHS Jan Muhammad Road,3480,Quetta,Girls,Quetta Female,,Naheed Mamnoon,923438244717,"Name corrected from ""Taj Mehr Sultana"". Conflicting digits: source sheet has 03394424919, correction request gave 03314424919 - neither registered on Rumi so neither confirmed. Needs resolution."
Miss Fehmida,923368101297,03368101297,,GGHS Jan Muhammad Road,3480,Quetta,Girls,Quetta Female,,Naheed Mamnoon,923438244717,"Name corrected from ""Miss Fakhira"""
Hasina Sher Muhammad,923373827107,03373827107,,GGHS Jan Muhammad Road,3480,Quetta,Girls,Quetta Female,,Naheed Mamnoon,923438244717,"Name corrected from ""Habiba Sher Muhammad"""
Sadaf Mana,923342379163,03342379163,,GGHS Jan Muhammad Road,3480,Quetta,Girls,Quetta Female,,Naheed Mamnoon,923438244717,"Name corrected from ""Sadaf Usman"""
Miss Zeenat,923362212460,03362212460,,GGHS Jan Muhammad Road,3480,Quetta,Girls,Quetta Female,,Naheed Mamnoon,923438244717,"Name corrected from ""Miss Zainab""; confirmed registered, 4 lesson plans"
Miss Habiba (Nabi),923360030750,03360030750,,GGHS Jan Muhammad Road,3480,Quetta,Girls,Quetta Female,,Naheed Mamnoon,923438244717,
Samia Gul,923336610366,03336610366,,GGHS Jan Muhammad Road,3480,Quetta,Girls,Quetta Female,,Naheed Mamnoon,923438244717,"Name corrected from ""Saeed Gul"" per 25 Aug independent roster pull"
Miss Hameeda,923313949680,03313949680,,GGHS Jan Muhammad Road,3480,Quetta,Girls,Quetta Female,,Naheed Mamnoon,923438244717,
Habib ud Din Rehmatan,923341609926,03341609926,,GGHS Jan Muhammad Road,3480,Quetta,Girls,Quetta Female,,Naheed Mamnoon,923438244717,
Sardar Khatoon,923363717063,03363717063,,GGHS Jan Muhammad Road,3480,Quetta,Girls,Quetta Female,,Naheed Mamnoon,923438244717,
Miss Anam,923421242676,03421242676,,GGHS Jan Muhammad Road,3480,Quetta,Girls,Quetta Female,,Naheed Mamnoon,923438244717,"Name corrected from ""Inam"" per 25 Aug independent roster pull"
Nafeesa,923333094951,03333094951,,GGHS Jan Muhammad Road,3480,Quetta,Girls,Quetta Female,,Naheed Mamnoon,923438244717,Confirmed started chatting with Rumi
Shahid Hussain,923342406442,03342406442,,GBHS Haji Ghaibi Road,5123,Quetta,Boys,Quetta Male,,Naib Jan Agha,923004651063,
Habib Ur Rehman,923138202642,03138202642,,GBHS Haji Ghaibi Road,5123,Quetta,Boys,Quetta Male,,Naib Jan Agha,923004651063,
Ehsan Ullah,923333356620,03333356620,,GBHS Haji Ghaibi Road,5123,Quetta,Boys,Quetta Male,,Naib Jan Agha,923004651063,
Habib Ullah,923361823674,03361823674,,GBHS Haji Ghaibi Road,5123,Quetta,Boys,Quetta Male,,Naib Jan Agha,923004651063,Corrected 30 Jul - source sheet had 03337838513
Munir Ahmed,923337806191,03337806191,,GBHS Haji Ghaibi Road,5123,Quetta,Boys,Quetta Male,,Naib Jan Agha,923004651063,
Shezad Ali,923458315106,03458315106,,GBHS Haji Ghaibi Road,5123,Quetta,Boys,Quetta Male,,Naib Jan Agha,923004651063,
Allauddin,923063855173,03063855173,,GBHS Haji Ghaibi Road,5123,Quetta,Boys,Quetta Male,,Naib Jan Agha,923004651063,
Wasim Jadpir,923130719187,03130719187,,Government Boys Middle School Nichari,4993,Quetta,Boys,Quetta Male,,Dolat Khan,923218023660,
Ameer Nawazan,923472247490,03472247490,,Government Boys Middle School Nichari,4993,Quetta,Boys,Quetta Male,,Dolat Khan,923218023660,
Ali Asghar,923473313609,03473313609,,Government Boys Middle School Nichari,4993,Quetta,Boys,Quetta Male,,Dolat Khan,923218023660,
Habibullah,923138080958,03138080958,,Government Boys Middle School Nichari,4993,Quetta,Boys,Quetta Male,,Dolat Khan,923218023660,
Raghib Khan,923460958032,03460958032,,Government Boys Middle School Nichari,4993,Quetta,Boys,Quetta Male,,Dolat Khan,923218023660,
Qadir Ali Gul,923342449088,03342449088,,Government Boys Middle School Nichari,4993,Quetta,Boys,Quetta Male,,Dolat Khan,923218023660,
Abbas Sharif,923337901642,0333-7901642,,Government Boys Middle School Police Line,5096,Quetta,Boys,Quetta Male,,Sana Ullah,923132223337,
Muhammad Saleem Ather,923337841779,0333-7841779,,Government Boys Middle School Police Line,5096,Quetta,Boys,Quetta Male,,Sana Ullah,923132223337,
Muhammad Shabir,923342610282,0334-2610282,,Government Boys Middle School Police Line,5096,Quetta,Boys,Quetta Male,,Sana Ullah,923132223337,
Habib Ur Rehman,923228100326,0322-8100326,,Government Boys Middle School Police Line,5096,Quetta,Boys,Quetta Male,,Sana Ullah,923132223337,
Muhammad Tariq,923337832426,0333-7832426,,Government Boys Middle School Police Line,5096,Quetta,Boys,Quetta Male,,Sana Ullah,923132223337,
Zobaib Ibrahim,923337876473,0333-7876473,,Government Boys Middle School Police Line,5096,Quetta,Boys,Quetta Male,,Sana Ullah,923132223337,Corrected 27 Jul - source sheet had a typo (0333-7874673)
Aziz Ahmed,923458374352,0345-8374352,,Government Boys Middle School Police Line,5096,Quetta,Boys,Quetta Male,,Sana Ullah,923132223337,
Waris Ali,923337824655,0333-7824655,,Government Boys Middle School Police Line,5096,Quetta,Boys,Quetta Male,,Sana Ullah,923132223337,
Sardar Muhammad,923003817259,0300-3817259,,Government Boys Middle School Police Line,5096,Quetta,Boys,Quetta Male,,Sana Ullah,923132223337,
Saleh Muhammad,923062314193,0306-2314193,,Government Boys Middle School Police Line,5096,Quetta,Boys,Quetta Male,,Sana Ullah,923132223337,
Huma Javed,923138413572,03138413572,,GGHS Railway,3406,Quetta,Girls,Quetta Female,,Dr. Samina Saleem,923351202069,
Afshan Raisani,923304759950,03304759950,,GGHS Railway,3406,Quetta,Girls,Quetta Female,,Dr. Samina Saleem,923351202069,
Ambreen Kouser,923298441898,03298441898,,GGHS Railway,3406,Quetta,Girls,Quetta Female,,Dr. Samina Saleem,923351202069,
Sumaira Ayub,923337890540,03337890540,,GGHS Railway,3406,Quetta,Girls,Quetta Female,,Dr. Samina Saleem,923351202069,
Mansoora,923491433106,03491433106,,GGHS Railway,3406,Quetta,Girls,Quetta Female,,Dr. Samina Saleem,923351202069,
Shaista,923363767872,03363767872,,GGHS Railway,3406,Quetta,Girls,Quetta Female,,Dr. Samina Saleem,923351202069,
Farah Naheed,923468344886,03468344886,,GGHS Railway,3406,Quetta,Girls,Quetta Female,,Dr. Samina Saleem,923351202069,
Razia Noor,923337465163,03337465163,,GGHS Railway,3406,Quetta,Girls,Quetta Female,,Dr. Samina Saleem,923351202069,
Khalida Noor,923334950027,03334950027,,GGHS Railway,3406,Quetta,Girls,Quetta Female,,Dr. Samina Saleem,923351202069,
Bushra Jabeen,923342936235,03342936235,,GGHS Railway,3406,Quetta,Girls,Quetta Female,,Dr. Samina Saleem,923351202069,
Qurat ul Ain,923336855658,03336855658,,GGHS Ahmed Quarry,14468,Quetta,Girls,Quetta Female,,Fehmida Gul,923337835651,
Bibi Asifa,923330529569,03330529569,,GGHS Ahmed Quarry,14468,Quetta,Girls,Quetta Female,,Fehmida Gul,923337835651,
Shabana Anjum,923334776577,03334776577,,GGHS Ahmed Quarry,14468,Quetta,Girls,Quetta Female,,Fehmida Gul,923337835651,
Yasmeen,923340823159,03340823159,,GGHS Ahmed Quarry,14468,Quetta,Girls,Quetta Female,,Fehmida Gul,923337835651,
Sadaf,923060861874,03060861874,,GGHS Ahmed Quarry,14468,Quetta,Girls,Quetta Female,,Fehmida Gul,923337835651,
Noreen Naz,923342451562,03342451562,,GGHS Ahmed Quarry,14468,Quetta,Girls,Quetta Female,,Fehmida Gul,923337835651,
Fozia,923342342521,03342342521,,GGHS Ahmed Quarry,14468,Quetta,Girls,Quetta Female,,Fehmida Gul,923337835651,
Sommaiya,923128439849,03128439849,,GGHS Ahmed Quarry,14468,Quetta,Girls,Quetta Female,,Fehmida Gul,923337835651,
Malik Zaid,923327824195,03327824195,,GBPS Kasi Primary,5128,Quetta,Boys,Quetta Male,,,,
Abdur Rehman,923084180356,03084180356,,GBPS Kasi Primary,5128,Quetta,Boys,Quetta Male,,,,"Corrected 30 Jul - source sheet number (2084180356) was invalid, never contactable before"
Hamid Ali,923327050957,03327050957,,GBPS Kasi Primary,5128,Quetta,Boys,Quetta Male,,,,
Gul Muhammad,923114761747,03114761747,,GBPS Kasi Primary,5128,Quetta,Boys,Quetta Male,,,,
Agha Muhammad,923003812921,03003812921,,GBPS Kasi Primary,5128,Quetta,Boys,Quetta Male,,,,
Zafar Ali,923337851933,03337851933,,GBPS Kasi Primary,5128,Quetta,Boys,Quetta Male,,,,
Waseem Akram,923337949704,03337949704,,GBPS Kasi Primary,5128,Quetta,Boys,Quetta Male,,,,
Afzal Mehmood,923337759795,03337759795,,GBPS Kasi Primary,5128,Quetta,Boys,Quetta Male,,,,
Ayap Ullah,923355804628,03355804628,,GBPS Kasi Primary,5128,Quetta,Boys,Quetta Male,,,,
Mujeeb Ur Rehman,923327819226,03327819226,,GBPS Kasi Primary,5128,Quetta,Boys,Quetta Male,,,,
Muhammad Arif,923438030314,03438030314,,GBHS Kotwal,3421,Quetta,Boys,Quetta Male,,Muhammad Aslam,923468303196,
Muhammad Azeem,923073922610,03073922610,,GBHS Kotwal,3421,Quetta,Boys,Quetta Male,,Muhammad Aslam,923468303196,
Atiq ur Rehman,923023810929,03023810929,,GBHS Kotwal,3421,Quetta,Boys,Quetta Male,,Muhammad Aslam,923468303196,
Abdul Hussain,923218081991,03218081991,YES,GBHS Kotwal,3421,Quetta,Boys,Quetta Male,,Muhammad Aslam,923468303196,"Previously mislabeled ""Muhammad Hassan"" - corrected back to ""Abdul Hussain"" per 25 Aug independent roster pull, which lists this exact number under that name. Active Rumi account, 6+ lesson plans since 15 April. NUMBER CONFLICT: same number also given for new addition Abdul Mateen - unresolved"
Abdul Kareem,923218012193,03218012193,,GBHS Kotwal,3421,Quetta,Boys,Quetta Male,,Muhammad Aslam,923468303196,
Kamal Khan,923337951424,03337951424,,GBHS Kotwal,3421,Quetta,Boys,Quetta Male,,Muhammad Aslam,923468303196,
Behroz ud Din,923458308318,03458308318,,GBHS Kotwal,3421,Quetta,Boys,Quetta Male,,Muhammad Aslam,923468303196,
Farhan Bashir,923458338738,03458338738,,GBHS Kotwal,3421,Quetta,Boys,Quetta Male,,Muhammad Aslam,923468303196,"Name corrected from ""Farhan Tayyab"""
Fazal Elahi,923411366603,03411366603,,GBHS Kotwal,3421,Quetta,Boys,Quetta Male,,Muhammad Aslam,923468303196,New addition 17 Aug; already active on Rumi
Abdul Mateen,923218081991,03218081991,YES,GBHS Kotwal,3421,Quetta,Boys,Quetta Male,,Muhammad Aslam,923468303196,"PENDING - same number as Abdul Hussain's active account; conflict unresolved as of 25 Aug, awaiting distinct valid number from DEO"
Alima Bibi,923198007993,03198007993,,GGHS PAF,3355,Quetta,Girls,Quetta Female,,Humera,923048110774,New addition per 25 Aug independent roster pull
Asma Kanwal,923323439286,03323439286,,GGHS PAF,3355,Quetta,Girls,Quetta Female,,Humera,923048110774,New addition per 25 Aug independent roster pull
Farzana Baloch,923318326215,03318326215,,GGHS PAF,3355,Quetta,Girls,Quetta Female,,Humera,923048110774,New addition per 25 Aug independent roster pull
Nazma Noorin,923343544932,03343544932,,GGHS PAF,3355,Quetta,Girls,Quetta Female,,Humera,923048110774,New addition per 25 Aug independent roster pull
Nousheen Sakhawat,923368210898,03368210898,,GGHS PAF,3355,Quetta,Girls,Quetta Female,,Humera,923048110774,New addition per 25 Aug independent roster pull
Shabana Yasmeen,923430401288,03430401288,,GGHS PAF,3355,Quetta,Girls,Quetta Female,,Humera,923048110774,New addition per 25 Aug independent roster pull
Sumera Kouser,923366041711,03366041711,,GGHS PAF,3355,Quetta,Girls,Quetta Female,,Humera,923048110774,New addition per 25 Aug independent roster pull
Sumera Yasmeen,923368164151,03368164151,,GGHS PAF,3355,Quetta,Girls,Quetta Female,,Humera,923048110774,New addition per 25 Aug independent roster pull
Tayyaba Naheed,923337843503,03337843503,,GGHS PAF,3355,Quetta,Girls,Quetta Female,,Humera,923048110774,New addition per 25 Aug independent roster pull
Ms. Mumtaz Wali,923320261111,03320261111,,GGHS Postal Colony,3345,Quetta,Girls,Quetta Female,,Irum Shamim,923458153578,New addition per 25 Aug independent roster pull
Ms. Nadia,923344094822,03344094822,,GGHS Postal Colony,3345,Quetta,Girls,Quetta Female,,Irum Shamim,923458153578,New addition per 25 Aug independent roster pull
Ms. Rozina Naz,923338809878,03338809878,,GGHS Postal Colony,3345,Quetta,Girls,Quetta Female,,Irum Shamim,923458153578,"New addition per 25 Aug independent roster pull - distinct person from the existing ""Rozina Naz"" row (different number)"
Ms. Saima Saeed,923337957420,03337957420,,GGHS Postal Colony,3345,Quetta,Girls,Quetta Female,,Irum Shamim,923458153578,New addition per 25 Aug independent roster pull
Ms. Shazia Butt,923323274385,03323274385,,GGHS Postal Colony,3345,Quetta,Girls,Quetta Female,,Irum Shamim,923458153578,New addition per 25 Aug independent roster pull
Ms. Sheronia,923218022245,03218022245,,GGHS Postal Colony,3345,Quetta,Girls,Quetta Female,,Irum Shamim,923458153578,New addition per 25 Aug independent roster pull
Ms. Uzma Nazli,923327914909,03327914909,,GGHS Postal Colony,3345,Quetta,Girls,Quetta Female,,Irum Shamim,923458153578,New addition per 25 Aug independent roster pull
Majida Hamza,923137882447,03137882447,,GGHS Railway,3406,Quetta,Girls,Quetta Female,,Dr. Samina Saleem,923351202069,New addition per 25 Aug independent roster pull
Miss Saima Hashmi,923128073660,03128073660,,GGHS Railway,3406,Quetta,Girls,Quetta Female,,Dr. Samina Saleem,923351202069,New addition per 25 Aug independent roster pull
Zeenat,923098828388,03098828388,,GGHS Railway,3406,Quetta,Girls,Quetta Female,,Dr. Samina Saleem,923351202069,"New addition per 25 Aug independent roster pull - distinct person from ""Miss Zeenat"" at GGHS Jan Muhammad Road (different school, different number)"
Zil e Huma,923361269569,03361269569,,GGHS Railway,3406,Quetta,Girls,Quetta Female,,Dr. Samina Saleem,923351202069,New addition per 25 Aug independent roster pull
